[{"id":"bd678032-8be8-413c-92a5-b184b6dd48af","titulo":"International","autor":"Chalart58 ft. Matah","imagen":"https://f4.bcbits.com/img/a1936369888_10.jpg","genero":"https://www.youtube.com/watch?v=a8pk4SpE2w4"},{"id":"f39b747d-2eb8-4923-a87f-f535c9a4e8f5","titulo":"1988","autor":"Biga Ranx","imagen":"https://images-na.ssl-images-amazon.com/images/I/71V5hJOz4kL._SL1000_.jpg","genero":"https://biga-ranx.bandcamp.com/album/1988"},{"id":"9ea6234d-531e-426e-a5a5-f58e773f7237","titulo":"24/7","autor":"Sr.Wilson & The Island Defenders","imagen":"https://f4.bcbits.com/img/a1975078314_10.jpg","genero":"https://www.youtube.com/watch?v=11a9tQetPzI"},{"id":"aea401c9-ab48-4065-a0ea-9419ea50bf0a","titulo":"Sound System Champions","autor":"Mungos Hifi","imagen":"https://www.deejay.de/images/xl/8/8/12888.jpg","genero":"https://www.youtube.com/watch?v=zr5-50ZEQs4"},{"id":"188c540f-536e-4c1f-9086-07beadd6fce6","titulo":"Dear Friend","autor":"Alpha Steppa & Pupajim","imagen":"https://images-na.ssl-images-amazon.com/images/I/61gdGGXYHDL._SL1200_.jpg","genero":"https://www.youtube.com/watch?v=9Ggt107Vnw4"},{"id":"427c8de5-4573-4488-9889-91e19339c208","titulo":"Le Savoir Faire","autor":"L'entour Loop","imagen":"https://img.discogs.com/mhsuC4JVuc5TSHeLwdJUPAZFR28=/fit-in/600x600/filters:strip_icc():format(jpeg):mode_rgb():quality(90)/discogs-images/R-10553339-1505138559-2239.jpeg.jpg","genero":"https://www.youtube.com/watch?v=XrCawmaP-Lk"},{"id":"99b098cf-8294-4da4-8fbf-6e1bf71c0672","titulo":"Police in Helicopter","autor":"John Holt","imagen":"https://4.bp.blogspot.com/_pbqRGfiCuGk/S-6Me8RsvMI/AAAAAAAAAeg/C0Aw1scfAcA/s1600/sc00063822.jpg","genero":"https://www.youtube.com/watch?v=zMWtBwnjHT4"},{"id":"5ccc316f-42cc-4056-a326-bff86a1e01de","titulo":"Done Cook And Curry","autor":"TippaIrie & PeterHunnigale","imagen":"https://img.discogs.com/lEDqPSvYlWoVvtO3fa1gMXHDZHE=/fit-in/595x563/filters:strip_icc():format(jpeg):mode_rgb():quality(90)/discogs-images/R-3534201-1334230066.jpeg.jpg","genero":"https://youtu.be/M5YtgbKOtmw"},{"id":"1ff9e5db-9562-417f-b70e-eb25d35b000a","titulo":"Praise His Name","autor":"Barrington Levy","imagen":"https://i2.cdn.hhv.de/catalog/shop_detail_zoom/00686/686982.jpg","genero":"https://youtu.be/WKA3gQswwY0"}]